﻿Designator,Footprint,Quantity,Value,LCSC Part #
"D1, D10, D11, D12, D13, D14, D15, D16, D2, D3, D4, D5, D6, D7, D8, D9",D_DO-35_SOD27_P7.62mm_Horizontal,16,D,
"LED1, LED10, LED11, LED12, LED13, LED14, LED15, LED16, LED2, LED3, LED4, LED5, LED6, LED7, LED8, LED9",LED_SK6812MINI_PLCC4_3.5x3.5mm_P1.75mm,16,SK6812MINI,
"SW1, SW10, SW11, SW12, SW13, SW14, SW15, SW16, SW2, SW3, SW5, SW6, SW7, SW8, SW9",MX-Hotswap-1U,15,MX_SWITCH,
SW4,RotaryEncoder_Alps_EC11E-Switch_Vertical_H20mm,1,RotaryEncoder_Switch,
U1,XIAO-RP2040-DIP,1,XIAO-RP2040-DIP,
